link,content,summary
https://n.news.naver.com/mnews/article/003/0012777952?sid=105,"12~14일까지 서울 종로 롤파크서 선발전 진행LCK 서머 우승팀 한화생명과 젠지가 먼저 진출 확정KT와 FOX전 승자는 14일 최종전서 12일 패자와 대결



2024 LoL 월드 챔피언십 LCK 대표 선발전에 나서는 T1. (사진 제공=LCK) *재판매 및 DB 금지[서울=뉴시스] 오동현 기자 = 한화생명e스포츠, 젠지와 함께 '2024 LoL 월드 챔피언십(롤드컵)'에 출전할 두 팀을 선발한다. '리그 오브 레전드(LoL)' e스포츠의 한국 프로 리그를 주최하는 리그 오브 레전드 챔피언스 코리아(LCK)는 오는 12일부터 14일까지 서울 종로구 롤파크에 위치한 LCK 아레나에서 월드 챔피언십 대표 선발전을 개최한다.먼저 한화생명e스포츠가 2024 LCK 서머에서 우승을 차지하며 월드 챔피언십 LCK 1번 시드를 확보했고, 젠지가 가장 많은 챔피언십 포인트를 얻으면서 2번 시드로 진출했다.



2024 LoL 월드 챔피언십 LCK 대표 선발전에 나서는 디플러스 기아 (사진 제공=LCK) *재판매 및 DB 금지LCK에 배정된 네 장의 월드 챔피언십 출전권 중 남은 두 장의 티켓을 놓고 네 팀이 경쟁을 펼친다.12일 열리는 3번 시드 결정전에서는 T1과 디플러스 기아가 맞붙는다. 이 경기에서 승리한 팀은 LCK 3번 시드 자격으로 월드 챔피언십에 나서며 패한 팀은 14일 또 한 번의 기회를 얻는다. 두 팀의 최근 맞대결에서는 T1이 압도적인 우위를 점하고 있다. T1은 2022년부터 올해까지 LCK에서 디플러스 기아와 16번 만나 15승1패를 기록했으며 이번 서머 플레이오프 하위조에서도 세트 스코어 3대1로 승리한 바 있다.13일에는 KT 롤스터와 BNK 피어엑스가 대결한다. 올해 두 팀은 정규 리그에서 네 번 만나 KT 롤스터가 3승1패를 기록했으나 서머 2라운드 맞대결에서는 BNK 피어엑스가 세트 스코어 2대1로 이겼다.



2024 LoL 월드 챔피언십 LCK 대표 선발전에 나서는 KT 롤스터 (사진 제공=LCK) *재판매 및 DB 금지13일 승자는 12일 패자와 14일 선발전 최종전에서 마지막 남은 한 장의 티켓을 걸고 싸운다.LCK 대표 선발전 티켓은 각 경기 48시간 전부터 인터파크를 통해 예매할 수 있다. 12일 T1과 디플러스 기아가 맞붙는 1라운드 경기 티켓은 10일 오후 5시부터 판매된다. 티켓 가격은 플레이오프와 동일한 3만원이다.월드 챔피언십 LCK 대표 선발전의 모든 경기는 5전 3선승제로 진행된다. 평일 오후 5시, 주말 오후 3시부터 시작하며 아프리카TV, 네이버 이스포츠&게임, 유튜브 LCK 채널 등 온라인 플랫폼을 통해 생중계된다.



2024 LoL 월드 챔피언십 LCK 대표 선발전에 나서는 BNK 피어엑스 (사진 제공=LCK) *재판매 및 DB 금지","서울 종로 롤파크에서 12~14일에 LCK 대표 선발전이 열리며, 한화생명과 젠지가 이미 진출 확정되었고, KT와 FOX는 14일 최종전에서 대결한다."
https://n.news.naver.com/mnews/article/009/0005363301?sid=105,"LCK 대표 선발전한화생명e스포츠와 젠지가 2024 LoL 월드 챔피언십에 LCK 대표로 출전을 확정한 가운데 남은 두 팀을 뽑는 LCK 대표 선발전이 열린다.리그 오브 레전드 챔피언스 코리아(대표 오상헌, 이하 LCK)는 오는 12일부터 14일까지 서울 종로구 롤파크에 위치한 LCK 아레나에서 2024 LoL 월드 챔피언십 LCK 대표 선발전이 열린다고 10일 밝혔다.지난 7일과 8일 경상북도 경주시 경주실내체육관에서 진행된 2024 LCK 서머 결승 진출전과 결승전 결과 한화생명e스포츠가 우승을 차지하면서 월드 챔피언십 LCK 1번 시드를 확보했고 젠지가 가장 많은 챔피언십 포인트를 얻으면서 2번 시드로 진출했다.LCK에 배정된 4장의 월드 챔피언십 출전권 중 한화생명e스포츠와 젠지가 한 장씩 가져간 가운데 남은 두 장의 티켓을 놓고 네 팀이 경쟁을 펼친다.12일 열리는 3번 시드 결정전에서는 T1과 디플러스 기아가 맞붙는다.이 경기에서 승리한 팀은 LCK 3번 시드 자격으로 월드 챔피언십에 나서며 패한 팀은 14일 또 한 번의 기회를 얻는다.양 팀의 최근 맞대결에서는 T1이 압도적인 우위를 점하고 있다.T1은 2022년부터 올해까지 LCK에서 디플러스 기아와 16번 만나 15승1패를 기록했으며 이번 서머 플레이오프 하위조에서도 세트 스코어 3대1로 승리한 바 있다.13일에는 KT 롤스터와 BNK 피어엑스가 대결한다.올해 양 팀은 정규 리그에서 4번 만나 KT 롤스터가 3승1패를 기록했으나 서머 2라운드 맞대결에서는 BNK 피어엑스가 세트 스코어 2대1로 이겼다.13일 승자는 12일 패자와 14일 선발전 최종전에서 마지막 남은 한 장의 티켓을 걸고 싸운다.LCK 대표 선발전 티켓은 각 경기 48시간 전부터 인터파크를 통해 예매할 수 있다.12일 T1과 디플러스 기아가 맞붙는 1라운드 경기 티켓은 10일 17시부터 판매된다. 티켓 가격은 플레이오프와 동일한 3만원이다.","한화생명e스포츠와 젠지가 2024 LoL 월드 챔피언십 LCK 대표로 출전 확정, 나머지 두 팀을 뽑기 위한 LCK 대표 선발전이 열림. T1과 디플러스 기아가 3번 시드 결정전에서 대결하고, KT 롤스터와 BNK 피어엑스가 4번 시드 결정전에서 대결함. 승자들은 월드 챔피언십에 출전하게 되며, 티켓은 인터파크를 통해 예매 가능하며 가격은 3만원이다."
https://n.news.naver.com/mnews/article/396/0000688306?sid=105,"2024 LoL 월드 챔피언십 LCK 대표 선발전 대진 및 일정. LCK 제공     한화생명e스포츠와 젠지가 ‘2024 리그오브레전드(LoL) 월드 챔피언십(롤드컵)’에 ‘리그오브레전드 챔피언스 코리아(LCK)’ 대표로 출전을 확정한 가운데 남은 두 팀을 뽑는 LCK 대표 선발전이 열린다.     LoL e스포츠의 한국 리그를 주최하는 LCK는 오는 12일부터 14일까지 서울 종로구 롤파크에 위치한 LCK 아레나에서 ‘2024 LoL 월드 챔피언십 LCK 대표 선발전’이 열린다고 10일 밝혔다.      지난 7, 8일 경상북도 경주시 경주실내체육관에서 진행된 2024 LCK 서머 결승 진출전과 결승전 결과 한화생명e스포츠가 우승을 차지하면서 월드 챔피언십 LCK 1번 시드를 확보했고, 젠지가 가장 많은 챔피언십 포인트를 얻으면서 2번 시드로 진출했다.      LCK에 배정된 네 장의 월드 챔피언십 출전권 중 한화생명e스포츠와 젠지가 한 장씩 가져간 가운데 남은 두 장의 티켓을 놓고 네 팀이 경쟁을 펼친다.      12일 열리는 3번 시드 결정전에서는 T1과 디플러스 기아가 맞붙는다. 이 경기에서 승리한 팀은 LCK 3번 시드 자격으로 월드 챔피언십에 나서며 패한 팀은 14일 또 한 번의 기회를 얻는다. 두 팀의 최근 맞대결에서는 T1이 압도적인 우위를 점하고 있다. T1은 2022년부터 올해까지 LCK에서 디플러스 기아와 16번 만나 15승1패를 기록했으며 이번 서머 플레이오프 하위조에서도 세트 스코어 3대1로 승리한 바 있다.     13일에는 KT 롤스터와 BNK 피어엑스가 대결한다. 2024년 두 팀은 정규 리그에서 네 번 만나 KT 롤스터가 3승1패를 기록했으나 서머 2라운드 맞대결에서는 BNK 피어엑스가 세트 스코어 2대1로 이겼다. 13일 승자는 12일 패자와 14일 선발전 최종전에서 마지막 남은 한 장의 티켓을 걸고 싸운다.     대표 선발전의 모든 경기는 5전 3선승제로 진행된다. 경기는 평일 오후 5시, 주말 오후 3시부터 시작하며 아프리카TV, 네이버 이스포츠&게임, 유튜브 LCK 채널 등 온라인 플랫폼을 통해 생중계된다.     신정원 기자 garden1@sportsworldi.com","2024 LoL 월드 챔피언십 LCK 대표 선발전이 열리고, 한화생명e스포츠와 젠지가 이미 대표로 확정되었으며, 나머지 두 팀을 뽑기 위한 경쟁이 진행 중이다. 선발전은 12일부터 14일까지 서울에서 열리며, T1과 디플러스 기아, KT 롤스터와 BNK 피어엑스가 대결한다. 모든 경기는 5전 3선승제로 진행되며, 온라인 플랫폼을 통해 생중계된다."
https://n.news.naver.com/mnews/article/031/0000868626?sid=105,"12일부터 14일까지 사흘 동안 롤파크에서 선발전 진행라이엇 게임즈의 리그 오브 레전드 챔피언스 코리아(이하 LCK)는 오는 12일부터 14일까지 서울 종로구 롤파크에 위치한 LCK 아레나에서 '2024 LoL 월드 챔피언십' LCK 대표 선발전이 열린다고 10일 밝혔다.



LCK는 '2024 LoL 월드챔피언십' LCK 대표 선발전을 진행한다. [사진=LCK]지난 7일과 8일 경상북도 경주시 경주실내체육관에서 진행된 '2024 LCK 서머' 결승 진출전과 결승전 결과 한화생명e스포츠가 우승을 차지하면서 월드 챔피언십 LCK 1번 시드를 확보했고 젠지가 가장 많은 챔피언십 포인트를 얻으면서 2번 시드로 진출했다.LCK에 배정된 네 장의 월드 챔피언십 출전권 중 한화생명e스포츠와 젠지가 한 장씩 가져간 가운데 남은 두 장의 티켓을 놓고 네 팀이 경쟁을 펼친다.12일 열리는 3번 시드 결정전에서는 T1과 디플러스 기아가 맞붙는다. 이 경기에서 승리한 팀은 LCK 3번 시드 자격으로 월드 챔피언십에 나서며 패한 팀은 14일 또 한 번의 기회를 얻는다.두 팀의 최근 맞대결에서는 T1이 압도적인 우위를 점하고 있다. T1은 2022년부터 올해까지 LCK에서 디플러스 기아와 16번 만나 15승1패를 기록했으며 이번 서머 플레이오프 하위조에서도 세트 스코어 3대1로 승리한 바 있다.13일에는 KT 롤스터와 BNK 피어엑스가 대결한다. 2024년 두 팀은 정규 리그에서 네 번 만나 KT 롤스터가 3승1패를 기록했으나 서머 2라운드 맞대결에서는 BNK 피어엑스가 세트 스코어 2대1로 이겼다.13일 승자는 12일 패자와 14일 선발전 최종전에서 마지막 남은 한 장의 티켓을 걸고 싸운다. LCK 대표 선발전의 모든 경기는 5전 3선승제로 진행된다.","LCK는 '2024 LoL 월드챔피언십' 대표 선발전을 롤파크에서 개최한다. 한화생명e스포츠와 젠지가 이미 시드를 확보했고, 네 팀이 나머지 두 장의 티켓을 놓고 경쟁한다. T1과 디플러스 기아, KT 롤스터와 BNK 피어엑스가 대결하여 최종 승자는 14일에 결정된다. 모든 경기는 5전 3선승제로 진행된다."
https://n.news.naver.com/mnews/article/003/0012775878?sid=101,"우리은행이 7일과 8일 경주 실내체육관에서 '2024 LCK 서머 결승전' 관람객을 대상으로 이벤트 부스 '우리도원'을 운영했다.(사진=우리은행 제공) *재판매 및 DB 금지[서울=뉴시스]이주혜 기자 = 우리은행이 8일 경주 실내체육관에서 열린 '2024 리그 오브 레전드 챔피언스 코리아(LCK) 서머 결승전'에서 우승팀 시상과 현장 이벤트를 진행했다고 9일 밝혔다.앞서 7일에 열린 결승진출전의 승자 한화생명e스포츠와 지난 LCK 스프링 결승전의 우승팀인 젠지가 펼친 결승전에서 한화생명e스포츠가 우승을 차지했다. 김범석 우리은행 국내영업부문장이 우승팀에게 상금 2억원과 함께 LCK 챔피언링을 전달했다.우리은행을 천년고도 경주에서 열린 결승전답게 한국 전통 가옥을 형상화한 이벤트 부스를 운영했다. 이벤트 부스를 방문한 고객이 우리WON뱅킹 내 'e스포츠관' 가입 인증 시 윷놀이 참여 기회를 제공하고 윷놀이를 통해 획득한 엽전 개수에 따라 LCK 팀 족자 포스터, 노리개 키링, 전통부채, 행운부적을 제공했다. 전통 소품을 활용한 포토존도 마련했다.우리은행 관계자는 ""2024 LCK 서머 결승전 현장에도 많은 팬들이 참여해 주셔서 감사드린다""며 ""e스포츠와 전통문화를 접목한 이번 행사처럼 앞으로도 MZ세대에게 이색적인 경험을 제공하며 소통을 강화해 나갈 것""이라고 말했다.","우리은행이 경주 실내체육관에서 '2024 LCK 서머 결승전' 관람객을 대상으로 이벤트 부스 '우리도원'을 운영하고, 우승팀에 상금 2억원을 수여했다. 이벤트 부스에서는 윷놀이를 통해 다양한 상품을 제공하고, 전통 소품을 활용한 포토존도 마련했다. 우리은행은 e스포츠와 전통문화를 접목한 이번 행사를 통해 MZ세대에게 이색적인 경험을 제공하며 소통을 강화할 예정이라고 밝혔다."
https://n.news.naver.com/mnews/article/138/0002182068?sid=105,"롤드컵 대표 선발전에 나서는 T1 선수단. [ⓒ라이엇게임즈][디지털데일리 문대찬기자] 한화생명e스포츠와 젠지e스포츠가 ‘2024 LoL 월드챔피언십(이하 롤드컵)’에 한국 리그 대표로 출전을 확정한 가운데, 나머지 2팀을 뽑는 선발전이 열린다.‘리그오브레전드(이하 LoL)’ 이스포츠의 한국 프로 리그를 주최하는 ‘LoL 챔피언스코리아(이하 LCK)’는 오는 12일부터 14일까지 서울 종로구 롤파크에 위치한 LCK 아레나에서 2024 롤드컵 LCK 대표 선발전이 열린다고 10일 밝혔다.올해 LCK에 배정된 롤드컵 출전권은 총 4장이다. 지난 7일과 8일 경주시 경주실내체육관에서 진행된 LCK 서머 결승전 결과 우승을 차지한 한화생명e스포츠가 롤드컵 1번 시드(seed)를 확보했다. 준우승을 거둔 젠지는 스프링 시즌 우승을 포함, 가장 많은 챔피언십 포인트를 얻으면서 2번 시드로 롤드컵에 진출했다. 남은 티켓은 2장이다.12일 열리는 3번 시드 결정전에서는 T1과 디플러스 기아가 맞붙는다. 이 경기에서 승리한 팀은 LCK 3번 시드 자격으로 롤드컵에 나선다. 패한 팀은 14일 또 한 번의 기회를 얻는다.두 팀의 최근 맞대결에서는 T1이 압도적인 우위를 점하고 있다. T1은 2022년부터 올해까지 LCK에서 디플러스 기아와 16번 만나 15승1패를 기록했다. 이번 서머 플레이오프 하위조에서도 세트 스코어 3대1로 승리한 바 있다.13일에는 KT 롤스터와 BNK 피어엑스가 대결한다. 2024년 두 팀은 정규 리그에서 네 번 만나 KT 롤스터가 3승1패를 기록했으나 서머 2라운드 맞대결에서는 BNK 피어엑스가 세트 스코어 2대1로 이겼다. 13일 승자는 12일 패자와 14일 최종전에서 외나무 다리 승부를 펼친다.LCK 대표 선발전 티켓은 각 경기 48시간 전부터 인터파크를 통해 예매할 수 있다. T1과 디플러스 기아가 맞붙는 1라운드 경기 티켓은 10일 오후 5시부터 판매된다. 모든 경기는 5전3승제로 진행되며 평일 오후 5시, 주말 오후 3시부터 시작한다.","롤드컵 대표 선발전에서 한화생명e스포츠와 젠지e스포츠가 출전 확정, 나머지 2팀을 뽑는 선발전이 열린다. LCK 아레나에서 2024 롤드컵 대표 선발전이 열리며, 한화생명e스포츠와 젠지가 이미 시드를 확보했다. T1과 디플러스 기아가 3번 시드 결정전에서 맞붙어 롤드컵 진출을 놓고 경쟁한다. KT 롤스터와 BNK 피어엑스도 대결하여 최종전에서 승자를 가린다. 모든 경기는 5전3승제로 진행되며 티켓은 인터파크를 통해 예매 가능하다."
https://n.news.naver.com/mnews/article/001/0014919693?sid=105,"풀세트 혈투 끝 3:2 승리…바이퍼의 1세트 폭주, 제카의 끝내기 슈퍼플레이



8년만에 LCK 정상 탈환한 한화생명e스포츠(경주=연합뉴스) 김주환 기자 = 8일 경북 경주시 경주실내체육관에서 열린 2024 LCK 서머 결승전에서 한화생명e스포츠가 우승을 확정한 후 트로피를 들어올리고 있다. 2024.9.8 jujuk@yna.co.kr    (경주=연합뉴스) 김주환 기자 = 한화생명e스포츠가 LCK의 디펜딩 챔피언 젠지 e스포츠를 물리치고 8년 만에 국내 리그 오브 레전드(LoL) 프로리그 왕좌를 탈환했다.    한화생명은 8일 경주실내체육관에서 열린 2024 LoL 챔피언스 코리아(LCK) 서머 결승전에서 젠지를 세트 스코어 3:2로 꺾었다.



우승 트로피 들어올리는 '제카' 김건우(경주=연합뉴스) 김주환 기자 = 8일 경북 경주시 경주실내체육관에서 열린 2024 LCK 서머 결승전에서 한화생명e스포츠의 미드 라이너 '제카' 김건우가 가 우승 트로피를 들어올리고 있다. 2024.9.8 jujuk@yna.co.kr    젠지와 한화생명은 1세트부터 양 팀의 정글러 '캐니언' 김건부와 '피넛' 한왕호가 적극적인 로밍으로 라인에 끼어들며 치열한 난타전을 펼쳤다.    젠지는 바텀 라인 교전에서 이득을 보면서 주도권을 잡았다. 한화생명은 21분께 교전에서 '제카' 김건우의 트리스타나가 진형을 휘저으며 트리플킬을 내는 등 팽팽하게 맞섰지만, '쵸비' 정지훈의 스몰더는 중요한 순간마다 피넛, 제카를 비롯한 화력 담당을 끊어내며 상대 본진까지 전선을 밀어냈다.    그러나 젠지는 우세 속에서도 결정적인 기회를 잡지는 못했고, 한화생명은 드래곤 버프를 4스택까지 쌓으며 경기를 장기전으로 끌고 갔다.



한화생명e스포츠 ""8년 만에 왕좌 되찾겠다""(경주=연합뉴스) 김주환 기자 = 8일 경북 경주시 경주실내체육관에서 열린 2024 LCK 서머 결승전 개막 행사에서 한화생명e스포츠 선수단이 나란히 서있다. 2024.9.8 jujuk@yna.co.kr    결정적인 순간은 39분경 한화생명 본진 앞에서 벌어진 한타(집단 교전). '바이퍼' 박도현의 애쉬는 '도란' 최현준과 피넛, '딜라이트' 유환중까지 쓰러진 상황에서 살아남은 제카와 함께 캐니언을 뺀 젠지 전원을 싹쓸이했다.    곧바로 제카와 바이퍼는 텅 빈 젠지 본진으로 돌진, 포탑과 억제기를 부수며 폭주하는 기관차처럼 넥서스로 진격했다. 캐니언과 뒤늦게 부활한 '리헨즈' 손시우가 방어에 나섰지만, 바이퍼는 넥서스에 빠르게 화살을 꽂아 넣으며 1세트부터 극적인 승리를 보여줬다.



2024 LCK 서머 결승전 개막 행사(경주=연합뉴스) 김주환 기자 = 8일 경북 경주시 경주실내체육관에서 열린 2024 LCK 서머 결승전 개막 행사에서 젠지 e스포츠와 한화생명e스포츠 선수단이 나란히 서있다. 가운데는 사회자를 맡은 전용준 캐스터. 2024.9.8 jujuk@yna.co.kr    이어진 2세트에서 젠지는 코르키-애쉬로 원거리 화력 중심의 조합을 골랐고, 한화생명은 아이번·아지르·알리스타 등 군중제어(CC) 기술에 주력한 한타 조합을 택했다.    젠지의 '페이즈' 김수환은 17분경 대치 상황에서 캐니언의 자이라가 날린 뿌리에 발이 묶인 피넛을 잘라내고, 이어 리헨즈가 블리츠크랭크로 당겨온 제카까지 잡아내며 승기를 잡았다.    한화생명은 열세 속에서도 드래곤 버프를 챙기면서 젠지를 추격했지만, 상대와의 격차는 점점 더 벌어졌다.    젠지는 풍부한 CC기와 페이즈의 연계를 내세워 한화생명 라이너를 각개격파하고 본진으로 밀고 들어가며 37분만에 승부를 1:1 원점으로 돌렸다.



""결승전 시작하겠습니다""(경주=연합뉴스) 김주환 기자 = 8일 경북 경주시 경주실내체육관에서 열린 2024 LCK 서머 결승전 개막 행사에서 전용준 캐스터가 사회를 보고 있다. 2024.9.8 jujuk@yna.co.kr    젠지는 3세트에서도 매서웠다, 도란과 피넛의 바텀 라인 기습에 선취점은 내줬지만, 젠지는 공허 유충을 노리고 벌어진 교전에서 기인과 쵸비의 활약으로 대승을 거두며 초반에 우위를 점했다.    한화생명은 바이퍼의 진이 교전 때마다 강펀치를 날리며 젠지를 견제했지만, 캐니언의 스카너는 대치 구도에서 날카로운 돌진으로 기인과 쵸비의 킬 찬스를 만들어냈다.    궁지에 몰린 한화생명은 32분경 내셔 남작(바론) 사냥으로 승부수를 띄웠으나, 곧바로 젠지에 저지당하며 그대로 본진을 내주며 매치 포인트까지 밀렸다.



2024 LCK 서머 우승 트로피(경주=연합뉴스) 김주환 기자 = 2024 LCK 서머 결승전이 열린 8일 오후 경주 경주실내체육관 중앙 무대에 우승 트로피가 놓여 있다. 2024.9.8 jujuk@yna.co.kr    젠지는 이어진 4세트 밴픽에서 코르키-미스 포츈의 쌍포 조합을 또다시 꺼내들었고, 이를 본 한화생명은 트리스타나-이즈리얼로 맞받아쳤다.    한화생명은 피넛과 딜라이트의 협공으로 선취점을 챙기고, 초반부터 상대 타워를 끼고 도란을 압박하던 기인과 캐니언까지 안정적으로 잡아내며 초반을 리드했다.    16분경에는 제카가 상대 미드 라이너인 쵸비를 탑 라인에서 솔로 킬을 내고, 이어진 바텀 라인 싸움에서도 피넛과 제카, 딜라이트의 팀워크가 빛나면서 젠지를 압도했다.    안정적으로 바론 버프까지 획득한 한화생명. 한화생명은 27분경 미드 라인에서 시작된 한타에서 트리플킬을 낸 쵸비의 반격에도 대승을 거뒀고, 바론 버프까지 획득한 후 곧바로 본진으로 몰려가 젠지의 방어를 뚫고 30분만에 승부를 세트 스코어 2:2 원점으로 돌렸다.



젠지 vs 한화생명, LCK 정상 노린 뜨거운 대결(경주=연합뉴스) 김주환 기자 = 2024 LCK 서머 결승전이 열린 8일 오후 경주 경주실내체육관에서 젠지 e스포츠 대 한화생명e스포츠의 3세트 경기가 펼쳐지고 있다. 2024.9.8 jujuk@yna.co.kr    LoL e스포츠에서 풀세트 경기를 상징하는 음악 'Silver Scrapes'는 올해 서머 플레이오프에서 처음으로 울려퍼졌다.    5세트 경기 초반 바텀 라인의 리헨즈를 노린 한화생명의 기습에 젠지는 기인이 순간이동으로 뛰어들어 피넛을 처치하며 선방, 1킬씩을 교환한다.    한화생명은 10분경 탑 라인에서 시작된 교전에서 피넛이 리헨즈를 잡아낸 것을 시작으로, 제카가 기인까지 처치하며 주도권을 챙겼다.    젠지는 적극적인 교전을 피하면서 기회를 노렸다. 23분경 벌어진 한타에서 쵸비와 페이즈가 처치당하며 한 차례 위기를 겪었지만, 기인이 중심을 잡으며 더 이상의 격차를 허용하지 않았다.    어느 한 쪽으로 쉽사리 기울지 않던 승부의 균형은 드래곤을 노린 31분 싸움에서 한 쪽으로 기울었다. 딜라이트와 제카의 활약으로 한타에서 대승을 거둔 한화생명은 방해 없이 바론 버프까지 얻고 젠지를 압박했다.



우승 후 인터뷰하는 한화생명 최인규 감독(경주=연합뉴스) 김주환 기자 = 8일 경북 경주시 경주실내체육관에서 열린 2024 LCK 서머 결승전에서 한화생명e스포츠 최인규 감독(가운데)이 우승을 확정한 후 무대에서 인터뷰하고 있다. 왼쪽은 이재하 코치, 오른쪽은 윤수빈 아나운서. 2024.9.8 jujuk@yna.co.kr    결국 한화생명은 제카의 슈퍼 플레이가 이어지며 38분만에 젠지 본진에 돌진, 8년만의 우승 트로피를 따냈다.    이로써 한화생명은 'ROX 타이거' 시절인 2016년 서머 이후 8년만에, 2018년 현재 팀명으로 리브랜딩한 뒤로는 처음으로 LCK 우승 트로피를 들었다.    주장 피넛은 개인 통산 LCK 우승 횟수 7회를 기록, T1의 '페이커' 이상혁(10회)의 뒤를 잇는 단독 2위로 올라섰다.    jujuk@yna.co.kr","한화생명e스포츠가 8년 만에 LCK 우승을 차지했으며, 바이퍼와 제카의 활약으로 3:2로 젠지를 이겼다. 한화생명은 1세트에서 바이퍼의 폭주로 승리를 이끌었고, 제카의 슈퍼플레이로 결정적인 순간을 잡아냈다. 피넛은 7회의 LCK 우승을 기록하며 팀의 우승을 이끌었다."
https://n.news.naver.com/mnews/article/020/0003586750?sid=103,"8일 경주 실내체육관에서 열린 2024 LoL 챔피언스 코리아(LCK) 서머 결승전에서 우승한 한화생명e스포츠 선수들이 우승컵인 ‘소환사의 컵’을 들어올리고 있다. LCK 제공. 140 bpm.경기에 몰입하던 중 갑자기 지-잉 울리는 휴대전화. “움직임이 없는 휴식 상태에서 심박수가 10분 동안 120bpm 보다 높으니…” 나의 건강에 짤막하게 우려감을 드러냈다. 돌이켜 보면 그 당시 ‘무호흡’ 상태로 눈만 이 스크린 저 스크린 데굴데굴 굴리는 중이었다. 경기장에는 그 누구 하나 달리거나, 슛을 쏘거나, 공을 치는 사람이 없었다. 정확히는 일어서 있는 사람이 없었다. 선수들의 손가락, 마우스, 키보드 그리고 화면만 바쁘게 움직일 뿐이었다.8일 경주 실내체육관에서 열린 2024 LoL 챔피언스 코리아(LCK) 서머 결승전 우승의 영광은 한화생명e스포츠(HLE)에게 돌아갔다. 전신 ROX 타이거즈의 2016년 서머 우승 이후 2941일 만이다. 아버지가 한화 이글스의 오랜 팬이라는 이유로 6살 때부터 그 길을 함께 걸었다. 야구가 안 풀리는 날에는 ‘또 다른 한화’의 성적을 확인하며, 5등 안에만 있어도(현재 LCK에는 10개 팀이 있다) 묘한 위로를 받으며 떠나곤 했다. 그러다 올해부터, 아무튼 갑자기 챙겨보게 됐다. 정작 게임은 한 번도 안 해봤지만 말이다. 야구에 ‘일구일생, 일구일사(一球一生, 一球一死)’이란 말이 있다면 이날 결승전은 ‘일궁일생, 일궁일사’였다. 첫 세트, 어느덧 40분대까지 진입한 게임. 3천 골드 차이까지 벌린 젠지는 어느덧 HLE 진영 억제기까지 밀고 들어왔다. 젠지의 세트 승이 목전까지 다가온 셈이다. 



8일 경주 실내체육관에서 열린 2024 LCK 서머 결승전. 한화생명e스포츠의 세트 승리 후 환호하는 팬들. 경주=김수현 기자 newsoo@donga.com바로 그 순간, 내 바로 옆 또 다른 기자(나중에 물어보니 한화 팬이셨다)가 들고 있던 카메라를 잠시 책상 위에 내려놓고 손을 모아 기도하기 시작했다. 프레스 밑 구역 HLE 응원석 내 팬들도 마찬가지였다. 일부는 스크린을 못 쳐다보겠다는 듯이 얼굴을 돌리며 서로를 안고 있었고, 누군가는 손을 맞잡은 채 연신 선수들의 이름을 외쳤다. 아무 소리도 지르지 못하며 스크린과 물아일체(物我一體) 상태에 빠진 팬도 있었다. 반대편에서 들려오는 함성도 점차 거세졌다. ‘막아 안돼 궁 써 제발 한 타만 더 거의 다 했어 가자 이기자.’ 양측 팬들의 소리가 섞여 분간조차 되지 않았다. 결과는 HLE의 승리.e스포츠 팬들이라면 누구나 가슴 한편에 서사를 키우고 있다. 정확한 날짜는 몰라도 처음 e스포츠에 빠지게 된 경기, 그날의 상대 팀과 선수가 했던 캐릭터(롤의 경우 챔피언)는 정확히 기억한다. 전날 HLE과 T1의 준결승전에서 만난 HLE 정글 ‘피넛’ 선수의 한 오랜 팬은 이름을 묻자 대신 피넛 선수의 ROX 시절 유니폼을 꺼내 보였다. ROX의 막내였던 선수는 어느덧 팀의 주장이 돼 돌아왔다. 8년 전 팀의 서머 우승의 순간을 함께 했던 팬 역시 여전히 이 자리에 그대로다. “SKT와의 경기에서 피넛 선수가 앨리스를 너무 잘하는 것을 보고 팬이 됐는데 벌써 8년이네요. 긴 시간 동안 e스포츠가 하루하루 일상의 빈틈을 채워줬어요”라고 팬은 말했다. 



8일 2024 LCK 서머 결승전 팬페스타 행사장에서 만난 전유진 씨(왼쪽). 직접 만든 쵸비 선수의 얼굴이 담긴 부채를 들고 있다. 경주=김수현 기자 newsoo@donga.com20년 넘게 한 팀을 응원한 팬도, 올해 처음 LCK를 시청하게 된 팬도 다 같은 팬이다. 장현우 씨는 동양 오리온 시절부터 e스포츠를 보기 시작했다. 2003년 8월 15일 임요환 선수와 도진광 선수의 치열한 혈투를 잊지 못하는 장 씨는 지금도 T1의 경기를 챙겨본다. “광안리에서 무료 대회를 열던 시절이 기억나는데 이젠 유료 관중에 매진까지…세상이 많이 변했네요”하고 장 씨는 웃었다. 젠지의 팬이라고 밝힌 전유진 씨는 남자친구 때문에 올해 첫 ‘롤 덕질’을 시작했다. 결승전 당일에는 직접 젠지 미드 ‘쵸비’ 선수의 얼굴이 담긴 부채를 제작해 팬들에게 ‘무료나눔’을 진행했다. 정작 남자친구는 라이벌 T1의 팬이다. 



8일 경주 실내체육관에서 열린 2024 LCK 서머 결승전에서 만난 이준혁, 최승윤 군. 김해 진영고 1학년인 둘은 젠지의 승리를 기원하며 경기장을 찾았다. 경주=김수현 기자 newsoo@donga.comT1의 미드 이상혁 선수는 지난해 항저우 아시안게임에서 금메달 획득 직후 받은 ‘e스포츠가 스포츠인가?’라는 질문에 “경기하고 준비하는 과정에서 많은 분께 좋은 영향을 끼치고, 경쟁하는 모습이 영감을 일으킨다면 그게 스포츠로서 가장 중요한 의미”라고 밝혔다. 팬들은 이에 고개를 끄덕였다. 이번 결승 결정전이 첫 직관이었다는 HLE 팬 김민채 씨는 “모두가 함께 열광하는 것이 스포츠”라고 전했다. 인생의 3분의1 가까이 젠지의 팬으로 보낸 이준혁, 최승윤 군은 “롤이 사라질 때까지 평생 젠지 팬을 할 것”이라고 전했다. 결승전 당일, 경기장 주변에 유독 많이 보였던 부녀(父女)지간. 아빠 손을 잡고, (아마 100%) 아빠가 응원하는 팀의 응원 도구를 흔들며 아무것도 모른 채 방방 뛰는 소녀들. 10년 후쯤 “아빠가 그 팀만 응원을 안 했어도!” 하며 울고 웃는 날이 그들에게도 있지 않을까.



한화생명e스포츠의 정글 ‘피넛’ 선수의 ROX 타이거즈 시절 유니폼을 들고 온 팬. 이날 한화생명e스포츠는 8년 만의 결승 진출을 결정했다.  경주=김수현 기자 newsoo@donga.com[소소칼럼]은 우리 주변에서 일어나는 일들이나 소소한 취향을 이야기하는 가벼운 글입니다. 소박하고 다정한 감정이 우리에게서 소실되지 않도록, 마음이 끌리는 작은 일을 기억하면서 기자들이 돌아가며 씁니다.","2024 LCK 서머 결승전에서 한화생명e스포츠가 우승하며 환호하는 팬들의 모습과 경기장 분위기, 팬들의 열정적인 응원 등이 소개되었다.결승전에서의 세트 승리와 팬들의 열정적인 응원이 강조되었으며, e스포츠 팬들의 열정과 추억을 다룬 내용이었다."
https://n.news.naver.com/mnews/article/003/0012775168?sid=105,"젠지 상대로 풀세트 접전 끝에 세트 스코어 3-2 승리락스 타이거즈가 한화생명으로 새출발한 이후 첫 우승MVP 제카 ""쵸비에 16연패는 우승 위한 밑거름 됐다""



LCK 공식 유튜브 중계 화면 캡쳐 *재판매 및 DB 금지[서울=뉴시스] 오동현 기자 = 한화생명 e스포츠가 '리그 오브 레전드 챔피언스 코리아(LCK)' 서머 무대의 주인공이 됐다. 디펜딩 챔피언 젠지 e스포츠를 물리치고  8년 만에 왕좌를 차지했다.  한화생명은 8일 오후 경주실내체육관에서 열린 2024 LCK 서머 결승전에서 젠지를 상대로 풀세트 접전 끝에 세트 스코어 3-2 승리를 거뒀다. 이로써 한화생명은 2016년 LCK 서머 이후 8년 만에 우승 트로피를 거머쥐었다. 전신인 락스 타이거즈가 2018년 한화생명으로 새출발한 이후 첫 우승이다.  한화생명은 한국 1시드 자격으로 월드 챔피언십(롤드컵)에 출전하게 된다. 젠지의 연속 LCK 우승 숫자는 '4'에서 멈췄다. 올해 LCK 스프링과 MSI(국제 대회 미드 시즌 인비테이셔널) 우승컵까지 들어 올리며 승승장구하고 있었다. 이날 한화생명은 젠지를 상대로 지난달 31일 플레이오프 3라운드에서 1-3으로 패했던 설욕을 갚았다. 한화생명은 1세트에서 승리를 가져가며 산뜻한 출발을 알렸다. 하지만 2·3세트 연속 젠지에 무너졌고, 4세트에서 승부를 원점으로 돌렸다. 우승을 결정지을 마지막 5세트에서는 한화생명이 대규모 미드 교전에서 먼저 승기를 잡았다. 이 기세를 몰아 32분께 미드·바텀 2차 포탑을 파괴했고, 37분께 용 앞 한타에서 승리하며 우승을 장식했다.



LCK 서머 결승전 MVP에 오른 한화생명 e스포츠의 '제카' 김건우. LCK 공식 유튜브 중계 화면 캡쳐.  *재판매 및 DB 금지파이널 MVP 수상자 '제카' 김건우는 ""우승하기 직전까지도 이 자리에 설 것이란 생각을 못했다. 우승까지도 쉽지 않은 길이어서 실감이 나지 않는다""며 ""요네가 어제부터 좋지 않은 결과를 내고 있어서 마지막 순간까지도 고민했었는데, 팀원들과 코치·감독님이 믿어주셨고, 이에 보답하기 위해 열심히 했다""고 소감을 밝혔다. 젠지의 '쵸비' 정지훈과의 LCK 매치 16연패의 고리를 끊어낸 것에 대해선 ""1승이 간절했다. 지금까지의 패배가 우승을 위한 밑거름이 된 것 같다""고 전했다.",한화생명 e스포츠가 젠지를 상대로 풀세트 접전 끝에 3-2로 승리하여 LCK 서머 결승전에서 우승을 차지했다. MVP 제카는 16연패를 끊고 우승을 이룬 것에 대해 감사함을 표현했다.
https://n.news.naver.com/mnews/article/001/0014919688?sid=105,"한화생명e스포츠 ""8년 만에 왕좌 되찾겠다""(경주=연합뉴스) 김주환 기자 = 8일 경북 경주시 경주실내체육관에서 열린 2024 LCK 서머 결승전 개막 행사에서 한화생명e스포츠 선수단이 나란히 서있다. 2024.9.8 jujuk@yna.co.kr    (경주=연합뉴스) 김주환 기자 = 한화생명e스포츠가 LCK의 디펜딩 챔피언 젠지 e스포츠를 물리치고 8년 만에 국내 리그 오브 레전드(LoL) 프로리그 왕좌를 탈환했다.    한화생명은 8일 경주실내체육관에서 열린 2024 LoL 챔피언스 코리아(LCK) 서머 결승전에서 젠지를 세트 스코어 3:2로 꺾었다.    이로써 한화생명은 'ROX 타이거' 시절인 2016년 서머 이후 8년 만에, 2018년 현재 팀명으로 리브랜딩한 뒤로는 처음으로 LCK 우승을 기록했다.



제카 바라보는 한화생명 최인규 감독(경주=연합뉴스) 김주환 기자 = 8일 경북 경주시 경주실내체육관에서 열린 2024 LCK 서머 결승전 시작 전 한화생명e스포츠 최인규 감독이 장비를 점검하는 '제카' 김건우를 지켜보고 있다. 2024.9.8 jujuk@yna.co.kr    jujuk@yna.co.kr","한화생명e스포츠가 8년 만에 국내 LoL 프로리그 왕좌를 탈환했다. 결승전에서 젠지를 3:2로 이기며 LCK 우승을 차지했고, 최인규 감독이 선수들을 지켜보며 승리를 이끌었다."
https://n.news.naver.com/mnews/article/629/0000320247?sid=102,"대전 아너소사이어티 105호 ‘바이퍼’ 원딜 박도현 맹활약



박희조 동구청장이 SNS에 한화생명 바이퍼에게 우승 축하 메시지를 남겼다./박희조 동구청장 페이스북 캡처박희조 동구청장이 9일 2024 LCK서머 한화생명 e스포츠 우승을 축하함과 동시에 ‘바이퍼’ 박도현에게 축하메시지를 전했다.한화생명 e스포츠는 지난 8일 오후 경주실내체육관에서 열린 2024 LCK 서머 결승전에서 스코어 3-2 접전 끝에 젠지를 꺾고 우승을 차지했다.이날 한화생명의 우승은 기존 락스 타이거즈의 2016년 우승 이후 두 번째 이자 한화생명 창단 이후 6년 만의 최초 우승으로 한화생명의 원딜 ‘바이퍼’ 박도현 선수의 활약이 돋보이는 경기였다.박희조 동구청장은 페이스북을 통해 ""어젯밤 한화생명 e스포츠가 ‘리그 오브 레전드 챔피언스 코리아(LCK)’ 8년만에 우승을 했다""며 ""진심으로 축하드린다""고 말했다.그러면서 ""한화생명 e스포츠 게임단에는 우리 동구의 자랑이자 e스포츠계의 영웅인 바이퍼 박도현 선수가 활약하고 있다. 박도현 선수는 작년 많은 기부를 통해 대전의 105번쨰 아너소사이어티 회원이 되기도 한 마음까지 따뜻한 선수""라며 ""앞으로도 세계를 무대로 좋은 성적을 거두길 진심으로 응원한다""고 응원의 메시지를 전했다.한편 한화생명 e스포츠 소속 프로게이머인 ‘바이퍼’ 박도현은 지난 2019년부터 대전 동구에 꾸준히 기부를 진행해 왔고 작년 동구에 7000만 원을 기탁하며 대전 아너소사이어티 105호 회원이 됐다.발로 뛰는 더팩트는 24시간 여러분의 제보를 기다립니다.▶카카오톡: '더팩트제보' 검색▶이메일: jebo@tf.co.kr▶뉴스 홈페이지: http://talk.tf.co.kr/bbs/report/write","대전 아너소사이어티 105호 ‘바이퍼’ 원딜 박도현이 한화생명 e스포츠의 우승을 이끄는 활약을 펼치고, 동구청장이 축하 메시지를 전했다."
https://n.news.naver.com/mnews/article/001/0014919700?sid=105,(경주=연합뉴스) 김주환 기자 = 8일 경북 경주시 경주실내체육관에서 열린 2024 LCK 서머 결승전 한화생명e스포츠와 젠지e스포츠의 경기에서 한화생명 선수들이 세트 스코어 3대2로 우승을 확정한 뒤 트로피를 들어올리고 있다. 2024.9.8    jujuk@yna.co.kr,한화생명e스포츠가 젠지e스포츠를 상대로 2024 LCK 서머 결승전에서 3대2로 우승을 차지하고 트로피를 들어올렸다.
https://n.news.naver.com/mnews/article/001/0014919699?sid=105,(경주=연합뉴스) 김주환 기자 = 8일 경북 경주시 경주실내체육관에서 열린 2024 LCK 서머 결승전 한화생명e스포츠와 젠지e스포츠의 경기에서 한화생명 선수들이 세트 스코어 3대2로 우승을 확정한 뒤 트로피를 들어올리고 있다. 2024.9.8    jujuk@yna.co.kr,한화생명e스포츠가 젠지e스포츠를 상대로 2024 LCK 서머 결승전에서 3대2로 우승을 차지하고 트로피를 들어올렸다.
https://n.news.naver.com/mnews/article/009/0005362615?sid=105,"3대2 풀세트 접전 끝 승리하며 젠지의 ‘파이브핏’ 저지



 2024 LCK 서머 결승전[사진=LCK 결승전 방송 갈무리]한화생명e스포츠가 지난 2018년 창단 이후 첫 LCK 우승을 차지하며 젠지의 ‘파이브핏’을 저지했다.8일 한화생명e스포츠는 경상북도 경주실내체육관에서 열린 ‘2024 리그오브레전드 챔피언스 코리아(LCK) 서머’ 결승전에서 상대 젠지를 세트스코어 3대2로 꺾고 우승을 차지했다. 이날 한화생명e스포츠의 우승은 2018년 창단 이전 팀인 락스 타이거즈의 2016년 우승 이후 두 번째이자 한화생명e스포츠 이름으로는 첫 번째 우승이다. 한화생명e스포츠는 이날 우승을 통해 젠지의 사상 최초의 5연속 LCK 우승인 ‘파이브핏’을 저지했다.이날 한화생명e스포츠는 ‘도란’ 최현준, ‘피넛’ 한왕호, ‘제카’ 김건우, ‘바이퍼’ 박도현, ‘딜라이트’ 유환중이 나섰다. 젠지는 ‘기인’ 김기인, ‘캐니언’ 김건부, ‘쵸비’ 정지훈, ‘페이즈’ 김수환, ‘리헨즈’ 손시우가 출전했다.1세트는 한화생명e스포츠의 극적인 승리였다. 초중반 유리했던 경기를 젠지에게 역전 당하는 구도였으나 마지막 교전에서 살아남은 ‘제카’와 ‘바이퍼’의 상대 본진 돌격이 승리로 이어졌다.젠지는 크산테, 스카너, 스몰더, 이즈리얼, 렐을 택했고 한화생명e스포츠는 모데카이저, 자이라, 트리스타나, 애쉬, 레오나를 내세웠다.초중반은 한화생명e스포츠가 유리했다. 공허 유충, 드래곤 등 여러 측면에서 유리했고 불리했던 킬데스 스코어도 21분경 내셔 남작 인근에서 펼쳐진 교전에서 대승을 거두며 10대10으로 맞췄다. 골드 격차를 4000 이상으로 벌린 한화생명e스포츠는 세 번째 드래곤도 가져가며 승기를 굳히는 모습이었다.하지만 젠지는 몇 차례의 교전을 승리로 이끌고 내셔 남작까지 차지하며 기세를 올렸다. 30분이 지난 이후 골드 획득량도 역전됐고 한화생명e스포츠는 본진을 방어하는 입장이 됐다.그러나 기회가 왔다. 젠지가 내셔 남작을 차지한 사이 네 번째 드래곤을 차지한 한화생명e스포츠는 바람 드래곤의 영혼을 획득했다. 젠지는 내셔 남작 버프를 가지고 상대 본진을 공략했으나 ‘제카’ 김건우의 ‘트리스타나’와 ‘바이퍼’ 박도현의 ‘애쉬’를 막지 못했다. 김건우와 박도현은 ‘캐니언’ 김건부가 홀로 지키는 상대 본진을 공략했다. 젠지는 ‘리헨즈’ 손시우의 ‘렐’이 부활해 방어에 나섰으나 결국 넥서스가 파괴되며 경기는 40분경 한화생명e스포츠의 승리로 끝났다.



 2024 LCK 서머 결승전[사진=LCK 결승전 방송 갈무리]2세트는 젠지가 승리했다. 중후반부터 차지한 우세를 유지하며 승부를 마무리했다.젠지는 오른, 자이라, 코르키, 애쉬, 블리츠크랭크를 택했다. 한화생명e스포츠는 레넥톤, 아이번, 아지르, 진, 알리스타로 맞섰다.퍼스트킬은 한화생명e스포츠가 기록했다. 하단 경로에서 4명이 힘을 합쳐 ‘기인’ 김기인의 ‘오른’을 제압했다. 다만 이후 지속된 교전에서 한화생명e스포츠는 조금씩 손해를 보며 승기를 내주기 시작했다. 협곡의 전령을 두고 벌인 교전에서 킬수를 맞교환했지만 전령은 젠지에게 내줬고 17분경 드래곤 교전에서는 2킬을 내주며 패했다. 특히 24분경 드래곤 교전에서 대패하며 젠지에게 세 번째 드래곤과 내셔 남작까지 허용했다.한화생명e스포츠는 ‘기인’의 ‘오른’을 다시 한번 잡아내고 상대의 드래곤 영혼 완성을 방해하며 기회를 노렸지만 기울어진 승부의 추를 되돌리지 못했다. 결국 35분경 젠지는 네 번째 드래곤을 차지하고 내셔 남작까지 가져오며 승기를 굳혔고 37분경 상대 넥서스를 파괴하며 세트스코어 1대1로 경기를 원점으로 돌렸다.3세트도 젠지의 차지였다. 한화생명e스포츠의 내셔 남작 공략을 반격하며 대승을 거둔 것이 승리로 이어졌다. 한화생명e스포츠는 무섭게 성장한 ‘기인’의 ‘잭스’를 막아내지 못했다.한화생명e스포츠는 카밀, 마오카이, 요네, 진, 라칸을 택했고 젠지는 잭스, 스카너, 코르키, 직스, 알리스타로 대응했다.퍼스트킬은 한화생명e스포츠에서 나왔다. 초반 하단 길목에서 ‘리헨즈’의 ‘알리스타’를 제압한 한화생명e스포츠는 또 다시 ‘알리스타’를 쓰러뜨리며 기세를 올렸다. 그러나 공허 유충 공략에 집중하다가 후퇴 시기를 놓치고 젠지에게 4킬을 내줬다.이후 양팀은 팽팽한 승부를 이어갔다. 한화생명e스포츠는 협곡의 전령을 앞세운 젠지의 포탑 공략도 잘 막아냈다.다만 22분 경 상단 길목에서 ‘쵸비’를 급습해 제압한 이후 내셔 남작까지 공략한 것이 패배로 이어졌다. 젠지는 ‘기인’의 ‘잭스’가 활약하며 한화생명e스포츠를 몰아냈고 내셔 남작까지 차지했다.무너진 균형은 더욱 벌어지기 시작했다. 한화생명e스포츠는 반전의 기회를 좀처럼 잡지 못했다. 31분경 내셔 남작 교전에서 가까스로 상대를 밀어내기도 했으나 결국 이어진 교전에서 패했고 승부는 33분경 킬스코어 14대8로 젠지의 승리로 끝났다.4세트는 한화생명e스포츠가 승리하며 승부를 원점으로 돌렸다. 한화생명e스포츠는 경기 중반 상단 길목에서 ‘제카’가 ‘쵸비’를 상대로 홀로 킬을 올리고 이어진 드래곤 교전에서 대승을 거두며 승기를 잡았다.한화생명은 잭스, 마오카이, 트리스타나, 이즈리얼, 블리츠크랭크를 택했다. 젠지는 우디르, 자이라, 코르키, 미스 포츈, 알리스타로 대응했다.이번 세트도 퍼스트킬은 한화생명e스포츠였다. 드래곤을 차지하고 퇴각하던 ‘캐니언’의 ‘자이라’를 놓치지 않았다. 10분경에는 ‘도란’이 상단 길목에서 ‘기인’과 ‘캐니언’의 협공을 절묘하게 버텨냈고 ‘피넛’과 ‘제카’의 합류로 오히려 상대에게 2킬을 거뒀다.그 사이 젠지는 2개의 드래곤을 차지하고 ‘딜라이트’의 ‘블리츠크랭크’를 잡았지만 ‘기인’이 또 킬을 내줬다. 양 팀은 서로의 사이드를 공략하며 포탑을 제거하기도 했다.승부의 추가 기울어진 것은 16분경 ‘제카’가 ‘쵸비’를 제압하면서다. 한화생명e스포츠는 기세를 모아 협곡의 전령을 중단 길목에 풀고 드래곤을 공략했다. 젠지는 드래곤을 쓰러뜨리고 퇴각하는 한화생명e스포츠의 후방을 노렸으나 오히려 역습에 당했다. 우회하던 ‘기인’의 ‘우디르’가 너무 쉽게 쓰러졌고 젠지는 속수무책으로 4킬을 내주며 후퇴해야 했다.이후 20분경 젠지는 내셔 남작을 노리는 한화생명e스포츠에게 교전을 시도했으나 무위로 돌아갔고 내셔 남작도 내주고 말았다.이후 젠지는 최대한 버티며 기회를 노릴 수 밖에 없었고 한화생명e스포츠의 본진 공략도 ‘쵸비’가 끝까지 대응하며 겨우 막아내기도 했다. 다만 승기는 한화생명e스포츠에게 있었고 결국 두 번째 본진 공략에 경기는 30분경 킬스코어 19대6으로 마무리됐다.



 2024 LCK 서머 결승전[사진=LCK 결승전 방송 갈무리]대망의 5세트. 젠지는 크산테, 스카너, 코르키, 카이사, 노틸러스를 택했다. 한화생명은 잭스, 바이, 요네, 직스, 렐을 꺼내들었다.한화생명e스포츠는 초반부터 상대를 강하게 압박했다. 2분경 하단 길목 다이브를 통해 ‘리헨즈’와 ‘딜라이트’를 맞교환하고 드래곤을 가져왔다. 10분 후반경에는 젠지가 ‘도란’을 노렸으나 지난 세트처럼 버티기에 성공하며 한화생명e스포츠가 3킬을 추가했다.한화생명e스포츠는 이후 23분경 내셔 남작 주변에서 펼쳐진 교전에서도 대승을 거두며 승기를 가져왔다. 젠지는 성장을 이어가던 ‘쵸비’의 ‘코르키’가 제압당한 것이 뼈아팠다.이후 젠지는 최대한 조심스러운 행보를 이어갔다. 한화생명e스포츠 역시 쉽게 교전에 임하지 않았다. 30분경 전후부터 시작된 교전은 3분 이상의 신경전이 펼쳐지기도 했다. 젠지는 한화생명e스포츠의 드래곤 영혼을 막으려했고 한화생명e스포츠는 승기를 굳히려고 했다. 결국 상대의 뒤로 돌아가 교전을 연 ‘도란’의 승부수가 빛을 발했다. 젠지는 드래곤 영혼은 저지했지만 교전에서의 패배로 승기를 완전히 내줬다. 이후 한화생명e스포츠는 내셔 남작을 차지했고 36분경 펼쳐진 드래곤 교전에서도 승리하며 경기를 마무리 지었다.‘피넛’ 한왕호 선수는 “첫 우승을 락스 타이거즈에서 이뤄냈었는데 복귀하고 결승전에 다시 선다는 것도 감격스럽고 우승까지 하니 너무 좋은 것 같다”라며 “팀원들에게 감사하고 팬분들이 응원해주셨기 때문에 해낸 것 같다. 감사하다”라고 소감을 밝혔다.한화생명e스포츠의 최인규 감독도 “굉장히 영광스럽고 올해 팀을 꾸릴 때 우리 팀이 제일 잘한다고 생각했는데 오늘 증명해서 기분이 좋다”라며 “월즈까지 계속해서 많이 응원하시면 꼭 우승으로 보답하겠다”라고 덧붙였다.","한화생명e스포츠가 젠지를 꺾고 LCK 우승을 차지했으며, ‘파이브핏’을 저지했다. 한화생명e스포츠는 ‘도란’, ‘피넛’, ‘제카’, ‘바이퍼’, ‘딜라이트’로 출전했고, 젠지는 ‘기인’, ‘캐니언’, ‘쵸비’, ‘페이즈’, ‘리헨즈’로 출전했다. 경기는 3대2로 한화생명e스포츠의 승리로 끝났고, ‘파이브핏’을 막았다. 한화생명e스포츠는 ‘피넛’ 한왕호 선수의 활약으로 우승을 차지했으며, 최인규 감독은 팀의 우승에 대한 기쁨을 나타냈다."
https://n.news.naver.com/mnews/article/092/0002344928?sid=105,"한화생명, 전문가 예상 뒤집고 풀세트 접전 끝에 젠지 작고 우승한화생명e스포츠가 젠지의 5연속 우승을 저지하고 8년 만에 LCK 최정상으로 올라섰다.파이널 MVP는 시리즈 내내 시종일관 빛나는 활약을 펼친 미드라이너 '제카' 김건우에게 돌아갔다.한화생명은 8일 오후 경상북도 경주시 '경주실내체육관'에서 열린 '2024 LOL 챔피언스 코리아(이하 LCK)' 서머 스플릿 플레이오프 결승 젠지 e스포츠와의 5세트 경기서 승리했다.



2024 LCK 서머 스플릿 우승컵을 차지한 한화생명e스포츠한화생명은 라인스왑으로 바텀에 내려온 '기인' 김기인의 '크산테'를 잡기 위해 4인 다이브를 시도했다. 하지만 젠지가 좋은 반격으로 1대1 킬교환에 성공했다.젠지는 탑에서 홀로 파망하던 '도란' 최현준의 잭스를 잡기 위해 다이브를 시도했다. 하지만, 한화생명도 완벽에 가까운 대처로 반격에 성공했다. 이를 기점으로 한화생명은 드래곤까지 사냥했다.22분 바론 앞에서 대규모 교전이 벌어졌다. '리헨즈' 손시우의 '노틸러스'가 '딜라이트' 유환중의 '렐'을 끌었지만, 오히려 한화생명이 반격했다. 이 과정에서 잘 큰 '쵸비' 정지훈의 '코르키가 잡히며, 한화생명이 승기를 잡았다.30분 바다 드래곤을 두고 벌어진 걸린 교전에서 양팀은 오랫동안 싸움을 이어갔다. 결국 한화생명은 침착하게 상대를 몰아넣으며 데미지를 쏟아냈고, 대승을 거뒀다. 바론 버프와 드래곤의 영혼을 두르고 한화생명은 서서히 진격했다.37분 바다 드래곤의 영혼을 획득한 한화생명은 상대 넥서스를 파괴하며 우승컵을 들어올렸다.","한화생명e스포츠가 젠지를 이기고 8년 만에 LCK 최정상으로 올라섰다. 시리즈 내내 빛나는 활약을 한 '제카' 김건우가 MVP를 수상했고, 결승에서 한화생명이 승리했다. 한화생명은 대규모 교전을 펼치며 젠지를 이기고 우승컵을 차지했다."
https://n.news.naver.com/mnews/article/396/0000688140?sid=105,"한화생명e스포츠가 2018년 인수 창단 이후 처음으로 LCK 우승을 거머쥐면서 1번 시드로 롤드컵에 출전한다. LCK 제공     한화생명e스포츠가 2018년 인수 창단 이후 처음으로 LCK 우승을 거머쥐면서 1번 시드로 롤드컵에 출전하게 됐다.      리그 오브 레전드(LoL) e스포츠의 한국 프로 리그를 주최하는 리그 오브 레전드 챔피언스 코리아(LCK)는 7, 8일 경상북도 경주시 황성공원 안에 위치한 경주실내체육관에서 ‘2024 LCK 서머 결승 진출전과 결승전’을 벌인 결과 한화생명e스포츠가 T1과 젠지를 연파하고 우승컵을 들어 올렸다고 9일 밝혔다.     한화생명e스포츠는 이틀 연속 극적인 승부를 만들었다. 7일 결승 진출전에서 T1을 상대한 한화생명e스포츠는 미드 라이너 ‘제카’ 김건우가 스몰더를 잡을 때마다 승리하면서 세트 스코어 3대1로 승리, 창단 첫 결승 진출이라는 1차적인 꿈을 이뤄냈다.      8일 젠지와의 결승전도 극적이었다. 1세트 초반 한화생명e스포츠는 긴장한 듯 제 기량을 발휘하지 못했지만, 젠지의 마지막 공격을 김건우의 트리스타나와 ‘바이퍼’ 박도현의 애쉬가 막아낸 뒤 중단 공격로로 밀고 내려가면서 대역전 드라마를 썼다.     다만, 2세트와 3세트에서는 중반까지 팽팽하게 승부를 이어갔지만 젠지의 노련한 운영 능력에 휘둘리면서 연달아 패배했다.     하지만 4세트에서 한화생명e스포츠는 각성한 듯한 플레이를 펼쳤다. 서포터 ‘딜라이트’ 유환중의 블리츠크랭크가 젠지 선수들을 신들린 듯 끌고 왔고 김건우의 트리스타나가 킬과 어시스트를 연달아 챙기면서 로켓 점프로 상대를 계속 잡아내며 승리했다.      5세트에서 한화생명e스포츠는 게임을 침착하게 풀어갔다. 초반에 ‘도란’ 최현준의 잭스가 젠지의 다이브 공격을 받아치면서 여유를 찾은 한화생명e스포츠는 박도현의 직스를 앞세워 중단 포탑을 지켜냈다. 젠지가 두 차례 승부수를 띄웠지만 받아치기에 성공한 한화생명e스포츠는 성장 격차를 벌리면서 젠지를 무너뜨렸다.      투자와 육성을 번갈아 시도한 노력의 결과다. 한화생명e스포츠는 2018년 서머 스플릿이 막을 올리기 직전 락스 타이거즈를 인수하면서 LCK에 뛰어 들었다. 코칭 스태프와 선수들을 모두 받아들이며 첫 스플릿을 보낸 한화생명e스포츠는 2021년 아이슬란드에서 열린 LoL 월드 챔피언십에 진출하며 첫 성과를 냈다.     2022년 육성을 택했던 한화생명e스포츠는 2023년부터 투자를 아끼지 않았다. 2021년 LoL 월드 챔피언십 우승자인 원거리 딜러 박도현과 2022년 LoL 월드 챔피언십 우승자인 미드 라이너 김건우를 영입한 한화생명e스포츠는 2024년을 앞두고 젠지에서 수 차례 우승을 경험한 탑 라이너 최현준, 정글러 한왕호, 서포터 유환중을 영입하면서 ‘대권’에 도전했다.      한화생명e스포츠는 본인들에게 LCK 상대 전적 19연패를 안긴 ‘디펜딩 챔피언’ 젠지를 가장 높은 곳에서 극적으로 제압하면서 첫 우승의 감격을 배가시켰다.      인수 창단 첫 우승을 달성한 한화생명e스포츠는 상금 2억원과 골든듀 챔피언 링을 받게됐으며, LCK 1번 시드로 LoL 월드 챔피언십(롤드컵) 출전 기회를 얻었다.     신정원 기자 garden1@sportsworldi.com","한화생명e스포츠가 LCK 우승을 차지하여 롤드컵에 출전하게 되었고, 결승전에서 T1과 젠지를 이기며 우승을 차지했다. 한화생명e스포츠는 투자와 육성을 통해 성과를 거두었고, 상금 2억원과 골든듀 챔피언 링을 받았으며 롤드컵 출전 기회를 얻었다."
https://n.news.naver.com/mnews/article/656/0000104290?sid=102,"한화생명 e스포츠팀. 동구 제공박희조 동구청장은 9일 2024 LCK서머 한화생명 e스포츠 우승을 축하하며 '바이퍼' 박도현 선수에 축하메시지를 전했다. 박희조 동구청장은 페이스북을 통해 ""어젯밤 한화생명 e스포츠가 '리그 오브 레전드 챔피언스 코리아(LCK)' 8년만에 우승을 했다. 진심으로 축하드린다""며 ""한화생명 e스포츠 게임단에는 우리 동구의 자랑이자 e스포츠계의 영웅인 바이퍼 박도현 선수가 활약하고 있다""고 전했다. 이어 ""박도현 선수는 지난해 많은 기부를 통해 대전의 105번쨰 아너소사이어티 회원이 되기도 한 마음까지 따뜻한 선수""라며 ""앞으로도 세계를 무대로 좋은 성적을 거두길 진심으로 응원한다""고 응원했다. 한화생명 e스포츠는 지난 8일 오후 경주실내체육관에서 열린 2024 LCK 서머 결승전에서 스코어 3-2 접전 끝에 젠지를 꺾고 우승을 차지했다. 기존 락스 타이거즈의 2016년 우승 이후 두 번째 이자 한화생명 창단 이후 6년 만의 최초 우승으로 한화생명의 원딜 '바이퍼' 박도현 선수의 활약이 돋보이는 경기였다. 한편, 한화생명 e스포츠 소속 프로게이머인 '바이퍼' 박도현 선수는 지난 2019년부터 대전 동구에 꾸준히 기부를 진행해 왔고, 지난해 동구에 7000만 원을 기탁하며 대전 아너소사이어티 105호 회원이 됐다.



지난해 박도현 선수 모친과 천사의손길 기탁식 모습.","한화생명 e스포츠팀이 2024 LCK서머 우승을 차지했고, 동구청장은 선수 박도현에 축하메시지를 전했다. 박도현 선수는 대전 동구에 꾸준한 기부를 해왔고, 지난해에는 7000만 원을 기탁하여 아너소사이어티 회원이 되었다.결승전에서 젠지를 꺾고 우승한 한화생명은 6년 만에 최초 우승을 차지했으며, 박도현 선수의 활약이 돋보였다."
https://n.news.naver.com/mnews/article/092/0002344922?sid=105,"바이퍼-제카, 넥서스 강제 점사로 승리 쟁취'파괴전차' 한화생명e스포츠가 1세트 탄탄한 전력을 과시하며 기선 제압에 성공했다.한화생명은 8일 오후 경상북도 경주시 '경주실내체육관'에서 열린 '2024 LOL 챔피언스 코리아(이하 LCK)' 서머 스플릿 플레이오프 결승 젠지 e스포츠와의 1세트 경기서 승리했다.한화생명은 초반 바텀 다이브를 시도해 '기인' 김기인의 '크산테'를 잡아냈다. 이 과정에서 '딜라이트' 유환중의 '레오나'가 잡히긴 했지만, 연타로 '리헨즈' 손시우의 '렐'까지 제압했다.



'바이퍼' 박도현젠지는 탑 라인에 있는 '도란' 최현준의 '모데카이저'를 공략했다. 이를 확인한 레오나가 빠르게 붙어주며 한화생명은 젠지의 노림수를 흘렸다. 이 과정에서 레오나가 잡혔지만, 한화생명은 '페이즈' 김수환의 '이즈리얼'을 제압했다. 한화생명은 공허유충을 사냥하던 젠지를 덮쳐 '캐니언' 김건부의 '스카너까지 잡아냈다.젠지는 3인을 투자해 모데카이저를 잡았다. 하지만 모데카이저가 궁극기 '죽음의 세계(R)'를 시간을 지연시켰고, 이 과정에서 한화생명은 협곡의 전령을 사냥해서 미드 2차 포탑을 철거했다.한화생명은 바텀 다이브로 연이은 공세를 날렸지만 젠지는 포탑을 끼고 방어에 성공했다. 스카너의 궁극기 '꿰뚫기(R)'가 적중하면서, 젠지는 3대 1 길교환에 성공했다.22분 바론 둥지앞에서 대규모 교전이 벌어졌다. 아슬아슬하게 진행된 교전에서 한화생명은 3명을 내주고 에이스를 띄운 뒤 바론 버프를 획득했다. 승기를 잡은 한화생명은 글로벌 골드 격차를 벌리고, 차근차근 드래곤 스택을 쌓았다.하지만 스몰더가 225스택을 완료한 이후 젠지가 적극적으로 싸움에 임하기 시작했다. 서로의 정글러를 끊어낸 상황에서 젠지가 바론을 사냥하기 시작했고, 이를 견제하려는 '제카' 김건우의 '트리스타나'를 사냥했다.이 기점으로 젠지가 글로벌 골드를 역전했다. 35분 바론이 등장한 시점 양팀은 1대1 킬교환을 했다. 젠지는 바론 버프를, 한화생명은 바람 드래곤의 영혼을 획득했다.29분 바론 버프를 두른 젠지는 한화생명의 진영으로 진격했지만, 애쉬와 트리스타나가 딜을 쏟아내며 교전에서 승리했다. 곧바로 젠지의 진영으로 진격한 한화생명은 넥서스를 점사하며 짜릿한 승리를 따냈다.","한화생명e스포츠가 젠지 e스포츠를 상대로 1세트에서 승리를 거두었는데, 바이퍼와 제카가 넥서스를 강제 점사하여 승리를 쟁취했다. 한화생명은 초반에 바텀 다이브를 시도해 상대를 압박하고, 바론을 둘러싼 대규모 교전에서 승리를 거두었다. 젠지는 글로벌 골드를 역전하려 했지만 한화생명이 바론 버프를 활용해 승리를 차지했다. 한화생명은 넥서스를 점사하며 승리를 따냈다."
